layer,component,mean_ot_recovery,median_ot_recovery,mean_ot_displacement,mean_marg_recovery,mean_w1_v_recovery,valid_pairs,model_name
0,mlp,1.6349890972337042,0.0,0.2120307650144254,1.7674556641098995,0.7969707464419727,13,Qwen/Qwen2.5-1.5B-Instruct
0,attn,-19.02354201437997,0.0,0.27859410842556664,-19.301629949750108,-7.939341075931459,13,Qwen/Qwen2.5-1.5B-Instruct
0,resid,-20.14050026471136,0.0,0.28121881083296696,-20.455926141097567,-10.408163498452344,13,Qwen/Qwen2.5-1.5B-Instruct
1,mlp,-2.968514024146866,0.0,0.20348150750846308,-2.9300599935469793,-1.2848351230097381,13,Qwen/Qwen2.5-1.5B-Instruct
1,attn,-4.9709877493947285,0.0,0.20805787197346298,-4.9221326830042464,0.004906210713046482,13,Qwen/Qwen2.5-1.5B-Instruct
1,resid,-14.172865941395013,0.0,0.2676879137343874,-14.526052373345205,-13.834876025430901,13,Qwen/Qwen2.5-1.5B-Instruct
2,mlp,-2.1345421613225612,0.0,0.20305011363972347,-2.0723508061953244,-1.1765874925737136,13,Qwen/Qwen2.5-1.5B-Instruct
2,attn,-3.9013780198776744,0.0,0.20933440384273252,-3.9070099147023445,-0.45731342869596014,13,Qwen/Qwen2.5-1.5B-Instruct
2,resid,-15.007568876633941,0.0,0.2683034744852954,-15.424623549918154,-16.360169697366178,13,Qwen/Qwen2.5-1.5B-Instruct
3,mlp,-3.5707524416388665,0.0,0.21147123318365676,-3.4870641590809326,-1.326936054342616,13,Qwen/Qwen2.5-1.5B-Instruct
3,attn,-0.2443676581511439,0.0,0.2010928093104573,-0.1273105325104743,-0.418592936654514,13,Qwen/Qwen2.5-1.5B-Instruct
3,resid,-27.251407951787186,0.0,0.28297464004511974,-27.706057484845253,-40.81722204006338,13,Qwen/Qwen2.5-1.5B-Instruct
4,mlp,-0.8077726657966219,0.0,0.20922101554867373,-0.721663949322511,-0.2988049174242386,13,Qwen/Qwen2.5-1.5B-Instruct
4,attn,-1.2197129782808966,0.0,0.20106339698121195,-1.1768445449745313,-1.021727236237633,13,Qwen/Qwen2.5-1.5B-Instruct
4,resid,-23.845364397332506,0.0,0.2807663296540541,-24.270655152330857,-33.52225816676194,13,Qwen/Qwen2.5-1.5B-Instruct
5,mlp,-1.9628627834769212,0.0,0.20325777009092202,-1.9507289816682039,-0.17349628072276954,13,Qwen/Qwen2.5-1.5B-Instruct
5,attn,-0.8829420769944418,0.0,0.20008851730604285,-0.8316979301034597,-0.6821534734728544,13,Qwen/Qwen2.5-1.5B-Instruct
5,resid,-18.03749723995491,0.0,0.27045424508140015,-18.498222156234544,-19.173803373682333,13,Qwen/Qwen2.5-1.5B-Instruct
6,mlp,0.4640320168223748,0.0,0.20510826817073385,0.5804609865430539,0.7958926100878924,13,Qwen/Qwen2.5-1.5B-Instruct
6,attn,-2.337766863726504,0.0,0.20613448737474968,-2.253119040738092,-0.8760497148500912,13,Qwen/Qwen2.5-1.5B-Instruct
6,resid,-18.823373098615345,0.0,0.2714534851806357,-19.260176145387824,-29.141889451924307,13,Qwen/Qwen2.5-1.5B-Instruct
7,mlp,-2.6785762731417537,0.0,0.21327480043647506,-2.637183580146283,-0.7703682109245517,13,Qwen/Qwen2.5-1.5B-Instruct
7,attn,-2.047757896243748,0.0,0.20318973383776456,-2.0138023496869084,0.3832632433259153,13,Qwen/Qwen2.5-1.5B-Instruct
7,resid,-8.481391430409046,0.0,0.24406624914145061,-8.926642244364812,-2.156953753679803,13,Qwen/Qwen2.5-1.5B-Instruct
8,mlp,-3.528765840485849,0.0,0.20609649199867072,-3.4347216069523228,0.9031012045196275,13,Qwen/Qwen2.5-1.5B-Instruct
8,attn,-1.3434322193427746,0.0,0.20163681779857776,-1.3020173368711734,-0.16980308845548506,13,Qwen/Qwen2.5-1.5B-Instruct
8,resid,-12.631892896842094,0.0,0.24456981369540728,-13.247193595921683,-1.7808136030426926,13,Qwen/Qwen2.5-1.5B-Instruct
9,mlp,-1.3682924948911264,0.0,0.21162926304557092,-1.1955448181880777,-1.7150851465919346,13,Qwen/Qwen2.5-1.5B-Instruct
9,attn,-0.3036679183869295,0.0,0.19676875131732793,-0.27474367306960046,-1.0942508251405425,13,Qwen/Qwen2.5-1.5B-Instruct
9,resid,-15.09183006944666,0.0,0.24108892306406016,-15.74440894178822,1.9742458674010346,13,Qwen/Qwen2.5-1.5B-Instruct
10,mlp,2.2803761729876424,0.0,0.20199642041806512,2.3963915695736295,1.8898673260080292,13,Qwen/Qwen2.5-1.5B-Instruct
10,attn,3.7317961186499558,0.0,0.19381702189393651,3.8505214335800684,3.079973174417464,13,Qwen/Qwen2.5-1.5B-Instruct
10,resid,-13.858127748359491,0.0,0.23793909196861304,-14.518143239504145,8.464303822461337,13,Qwen/Qwen2.5-1.5B-Instruct
11,mlp,-1.818781180356995,0.0,0.21169254814573785,-1.7635769489478,0.2795079014196289,13,Qwen/Qwen2.5-1.5B-Instruct
11,attn,-1.3870593916516802,0.0,0.19871222502434446,-1.493707785149276,1.4502473766520858,13,Qwen/Qwen2.5-1.5B-Instruct
11,resid,-11.254450118189768,0.0,0.23490613362005971,-11.86892750418292,7.93496770468994,13,Qwen/Qwen2.5-1.5B-Instruct
12,mlp,-1.9446172293605994,0.0,0.20104016558605303,-1.8629394067225473,-1.0224539046636913,13,Qwen/Qwen2.5-1.5B-Instruct
12,attn,0.0791684614472287,0.0,0.1988011128691733,0.08737919994608985,-0.36439386680829206,13,Qwen/Qwen2.5-1.5B-Instruct
12,resid,-5.637749884072242,0.0,0.22815806340405492,-6.213415697811523,9.861853394107102,13,Qwen/Qwen2.5-1.5B-Instruct
13,mlp,-2.0665256975864734,0.0,0.20478419164127865,-2.0681219506728836,-1.4668090600031503,13,Qwen/Qwen2.5-1.5B-Instruct
13,attn,-1.3683352639633999,0.0,0.20594548966315657,-1.3094011479943748,-0.7865500317031371,13,Qwen/Qwen2.5-1.5B-Instruct
13,resid,-16.59384400911704,0.0,0.2387922159542524,-17.233629219361323,4.437528379324715,13,Qwen/Qwen2.5-1.5B-Instruct
14,mlp,-2.768155571455923,0.0,0.20741909723930513,-2.733436100284929,-1.3002440760011558,13,Qwen/Qwen2.5-1.5B-Instruct
14,attn,1.3846206086626704,0.0,0.19559394800594737,1.5665628697720309,-1.308634371866428,13,Qwen/Qwen2.5-1.5B-Instruct
14,resid,-12.422655588763654,0.0,0.23414781440716775,-12.880716240412479,-1.1012952763673605,13,Qwen/Qwen2.5-1.5B-Instruct
15,mlp,1.2174743532547372,0.0,0.2008642178013699,1.294466137038234,-4.142572670576767,13,Qwen/Qwen2.5-1.5B-Instruct
15,attn,2.2483621650403793,0.0,0.19691155397359822,2.247534543767343,2.1764713399515396,13,Qwen/Qwen2.5-1.5B-Instruct
15,resid,-8.064254195324647,0.0,0.22988436609275242,-8.377292884330286,0.034556119178367914,13,Qwen/Qwen2.5-1.5B-Instruct
16,mlp,-7.283219171559234,0.0,0.20882486569795958,-7.162641185226983,1.5342678530599714,13,Qwen/Qwen2.5-1.5B-Instruct
16,attn,2.9477272118813103,0.0,0.19543126182522194,3.214800404577249,-1.0739055583178558,13,Qwen/Qwen2.5-1.5B-Instruct
16,resid,-10.846227194625433,0.0,0.2386306413837009,-11.36407909634781,-1.7659648077569934,13,Qwen/Qwen2.5-1.5B-Instruct
17,mlp,-0.0422409657062955,0.0,0.19844976071540682,0.042703087312406365,0.6981614443455817,13,Qwen/Qwen2.5-1.5B-Instruct
17,attn,-0.3096359341474077,0.0,0.19779724016177955,-0.2660859451046387,-0.9613431837405262,13,Qwen/Qwen2.5-1.5B-Instruct
17,resid,-6.707088207982008,0.0,0.23780893233224146,-7.178047604749452,-2.8913288931257544,13,Qwen/Qwen2.5-1.5B-Instruct
18,mlp,1.6308062600761564,0.0,0.19718490137293793,1.6106124130042123,1.0654556267825994,13,Qwen/Qwen2.5-1.5B-Instruct
18,attn,2.012300090303439,0.0,0.19767564306756544,2.0060488696861176,1.9685017846907409,13,Qwen/Qwen2.5-1.5B-Instruct
18,resid,-1.1894312856142313,0.0,0.22596654817365783,-1.4946910238066038,7.16508317994628,13,Qwen/Qwen2.5-1.5B-Instruct
19,mlp,3.2136350066761312,0.0,0.19588394179311613,3.1089705318587004,1.9838956782924164,13,Qwen/Qwen2.5-1.5B-Instruct
19,attn,-5.582718196842087,-0.7346292682958389,0.2067164478841471,-5.848720160463965,-5.363864454896903,13,Qwen/Qwen2.5-1.5B-Instruct
19,resid,0.4828869352471023,0.0,0.22359838119054481,0.698590925266622,-1.2426926353192436,13,Qwen/Qwen2.5-1.5B-Instruct
20,mlp,2.5976933660289867,0.0,0.1943684653341954,2.60319528024075,0.48933363242928557,13,Qwen/Qwen2.5-1.5B-Instruct
20,attn,4.230995104348785,0.0,0.19494246013761715,4.512403931922012,1.3229624492561054,13,Qwen/Qwen2.5-1.5B-Instruct
20,resid,-1.4809993885900798,0.0,0.20613676542307766,-1.8061613907765455,1.4506350517634088,13,Qwen/Qwen2.5-1.5B-Instruct
21,mlp,0.6522897285477631,0.0,0.1955763629530577,0.7156556760740673,3.926077479266295,13,Qwen/Qwen2.5-1.5B-Instruct
21,attn,1.6459824969186034,0.0,0.19689860684342517,1.7105144813574356,0.3263948949699068,13,Qwen/Qwen2.5-1.5B-Instruct
21,resid,-3.0961994689303105,0.0,0.2080060091929244,-3.427260859907138,0.5034877998281132,13,Qwen/Qwen2.5-1.5B-Instruct
22,mlp,1.5268655858068811,0.0,0.19906228821050045,1.3828596325115323,-1.2523577248417743,13,Qwen/Qwen2.5-1.5B-Instruct
22,attn,2.8211461229279515,0.0,0.19513767254133776,2.959444610583913,-0.3664038207322549,13,Qwen/Qwen2.5-1.5B-Instruct
22,resid,-0.13911447381320152,0.0,0.19718931735971912,-0.47957430718674154,4.7612597547471225,13,Qwen/Qwen2.5-1.5B-Instruct
23,mlp,3.1002806878937177,0.0,0.19454598949121524,3.28873773072872,1.58980458769972,13,Qwen/Qwen2.5-1.5B-Instruct
23,attn,-0.3805405956522063,0.0,0.198916302446668,-0.49052678516821646,-1.5881959481746823,13,Qwen/Qwen2.5-1.5B-Instruct
23,resid,-0.13966404249529707,0.0,0.19526547414900647,-0.44336437781000376,4.695821498509257,13,Qwen/Qwen2.5-1.5B-Instruct
24,mlp,5.016760839752716,0.0,0.19137762825507204,5.013157995683345,4.477670961356905,13,Qwen/Qwen2.5-1.5B-Instruct
24,attn,-1.3195847947181836,0.0,0.19864890699370552,-1.4713917272076245,-1.7222063076915106,13,Qwen/Qwen2.5-1.5B-Instruct
24,resid,-0.8844855660312397,0.0,0.19620197408080856,-1.1835795505392128,5.2892469298399,13,Qwen/Qwen2.5-1.5B-Instruct
25,mlp,1.7848645600944784,0.0,0.19724535548462324,1.718482096234853,1.762555676939662,13,Qwen/Qwen2.5-1.5B-Instruct
25,attn,0.4847641503742848,0.0,0.1979499612294753,0.5166895670797662,0.9095161404369924,13,Qwen/Qwen2.5-1.5B-Instruct
25,resid,0.04675360407196362,0.0,0.19399593906132262,-0.24396143647697618,5.628288253659186,13,Qwen/Qwen2.5-1.5B-Instruct
26,mlp,-0.9035127618158892,0.0,0.1985596286560791,-1.1959472669681825,0.5358377972931957,13,Qwen/Qwen2.5-1.5B-Instruct
26,attn,0.19951726942724154,0.0,0.19793652676903326,0.20689407371712576,-0.8098021105071024,13,Qwen/Qwen2.5-1.5B-Instruct
26,resid,-0.5698970433898425,0.0,0.19582713404227628,-0.8817499660215184,4.785295580080069,13,Qwen/Qwen2.5-1.5B-Instruct
27,mlp,-6.908912115234833,0.0,0.20854354150162344,-7.185816325135372,-6.660271164979151,13,Qwen/Qwen2.5-1.5B-Instruct
27,attn,-1.6302857393175694,0.0,0.19999337008992843,-1.6123048189147209,0.2678270996203819,13,Qwen/Qwen2.5-1.5B-Instruct
27,resid,-0.774146425688361,0.0,0.19907981359263935,-0.7500280311217163,-4.236413916308223,13,Qwen/Qwen2.5-1.5B-Instruct
