layer,component,is_confirmatory,mean_probe_necessity,mean_neutralization_ratio,mean_neutral_mean_control,mean_matched_substitution,z_score_iso,p_value_iso,null_mu_iso,null_sig_iso,z_score_perp,p_value_perp,null_mu_perp,null_sig_perp,model_name,fdr_q_iso,fdr_sig_iso,fdr_q_perp,fdr_sig_perp
0,mlp,False,0.0077760665098166,-0.13940585964512348,0.008402936413305803,0.008074671974867333,0.9861442104166387,0.23809523809523808,0.007168401660598291,0.0006162028259148583,0.6035337638074593,0.38095238095238093,0.007370783233834647,0.000671517154939567,Qwen/Qwen2.5-1.5B-Instruct,0.927536231884058,False,0.8571428571428571,False
0,attn,False,0.007462524818691142,-1.8116981957744482,0.007915466685549644,0.008514700751432814,0.45198949666935584,0.42857142857142855,0.007181429594780399,0.0006219065398246908,0.09719405860827764,0.47619047619047616,0.0073923759145204295,0.0007217406616739212,Qwen/Qwen2.5-1.5B-Instruct,0.927536231884058,False,0.8571428571428571,False
0,resid,False,0.008239218153194857,-2.8254996363037685,0.008124694865006884,0.00908091619382256,1.1047807432700292,0.19047619047619047,0.0075431362014881705,0.0006300634365207716,1.1463930257744999,0.23809523809523808,0.007518883405666121,0.0006283488570964398,Qwen/Qwen2.5-1.5B-Instruct,0.927536231884058,False,0.8571428571428571,False
1,mlp,False,0.0071859953224043555,-2.0141662124371127,0.007855882677455059,0.007602752558227401,-0.6015825360241956,0.7142857142857143,0.007550138568609782,0.0006053088718499315,-0.017266777757048136,0.5714285714285714,0.007196369808135847,0.0006008350763220049,Qwen/Qwen2.5-1.5B-Instruct,0.927536231884058,False,0.8571428571428571,False
1,attn,False,0.007822402951250253,-1.8240156214195058,0.008947480711201149,0.00780063416012357,0.90265812870641,0.19047619047619047,0.007345898699940108,0.0005278900573277047,1.3146173912404813,0.14285714285714285,0.0071721415072614715,0.0004946393135535738,Qwen/Qwen2.5-1.5B-Instruct,0.927536231884058,False,0.8571428571428571,False
1,resid,False,0.0073586855317152,-1.8736647046071297,0.009296700929497937,0.008972993411008493,0.4294909713288187,0.42857142857142855,0.007156404686437155,0.0004709781084622107,0.27332161825852147,0.42857142857142855,0.007206520117307919,0.0005567265969549302,Qwen/Qwen2.5-1.5B-Instruct,0.927536231884058,False,0.8571428571428571,False
2,mlp,False,0.00769741923387525,-1.9456413037852531,0.009095915640664778,0.008654756591919336,0.7434946986888019,0.23809523809523808,0.00725977352946104,0.0005886332547979499,0.9416403243502032,0.19047619047619047,0.007260532577970322,0.0004639634100275075,Qwen/Qwen2.5-1.5B-Instruct,0.927536231884058,False,0.8571428571428571,False
2,attn,False,0.007440929963824424,-0.7218750121617139,0.010458735806756854,0.008180949091304197,0.3424845717078282,0.3333333333333333,0.007266724107080956,0.0005086531515121275,-0.11303808859637361,0.6666666666666666,0.007500770704186347,0.000529385635452463,Qwen/Qwen2.5-1.5B-Instruct,0.927536231884058,False,0.875,False
2,resid,False,0.007363490698264987,0.23723299319107863,0.008059317697393204,0.008335877482473542,0.14872581546309283,0.42857142857142855,0.00727549180431771,0.0005916854022502534,0.18811640116023082,0.38095238095238093,0.007264068628384334,0.0005285135653640767,Qwen/Qwen2.5-1.5B-Instruct,0.927536231884058,False,0.8571428571428571,False
3,mlp,False,0.007328782592631327,-0.9416210138945114,0.011224533521974693,0.009568928681370282,0.12932111873844238,0.42857142857142855,0.007257592169763234,0.0005504934040361833,-0.21619096563861437,0.6666666666666666,0.007467591962050313,0.0006420683168186606,Qwen/Qwen2.5-1.5B-Instruct,0.927536231884058,False,0.875,False
3,attn,False,0.006467226935167334,-1.4907551774667203,0.007342285061506459,0.008239797311759474,-1.6551426779202814,0.9523809523809523,0.007311167020272009,0.0005098896284670168,-1.3212936869332952,0.8571428571428571,0.007294067843551635,0.0006257813206565666,Qwen/Qwen2.5-1.5B-Instruct,0.9876543209876543,False,0.9863013698630136,False
3,resid,False,0.007851306665977806,-2.0578462172007104,0.012332422409238902,0.011077330034780886,0.8262485245427404,0.23809523809523808,0.007375126710876335,0.0005763156495377671,1.058371504909416,0.19047619047619047,0.007257812132651194,0.0005607620108568673,Qwen/Qwen2.5-1.5B-Instruct,0.927536231884058,False,0.8571428571428571,False
4,mlp,False,0.006508121128542169,-1.1808861238109516,0.01052192937565122,0.009735634587079588,-1.9014985187402331,1.0,0.007353977031716742,0.000444836477566632,-1.6814119680498398,0.9047619047619048,0.00738244898759458,0.0005199962148874716,Qwen/Qwen2.5-1.5B-Instruct,1.0,False,0.987012987012987,False
4,attn,False,0.006999703147190179,-1.2555903161317912,0.008946277213713428,0.008165736602743383,-0.20230700347127958,0.5714285714285714,0.007128365032626838,0.0006359734622579426,-0.1630294678430195,0.5238095238095238,0.007082001078435626,0.0005048040230658898,Qwen/Qwen2.5-1.5B-Instruct,0.927536231884058,False,0.8571428571428571,False
4,resid,False,0.007551726243847406,-2.57516756862247,0.010838539497239948,0.009391990694003741,1.0740214915463069,0.19047619047619047,0.007152214254590268,0.00037197764886617526,0.33297660229574394,0.38095238095238093,0.007340393629209049,0.0006346770709452271,Qwen/Qwen2.5-1.5B-Instruct,0.927536231884058,False,0.8571428571428571,False
5,mlp,False,0.007219980981239191,-3.272676575093305,0.011186842673569489,0.008994244127976841,0.011050566143644388,0.5714285714285714,0.007212669513345196,0.000661637403817522,0.1667332185785675,0.47619047619047616,0.007152943437138891,0.00040206471554863043,Qwen/Qwen2.5-1.5B-Instruct,0.927536231884058,False,0.8571428571428571,False
5,attn,False,0.0075521851128790025,-3.1226705572511078,0.009061928648195269,0.008410852716400017,0.7670155545111434,0.23809523809523808,0.00713508063241719,0.0005438018538328777,0.6896497282686403,0.2857142857142857,0.0071091881189025,0.0006423507119891759,Qwen/Qwen2.5-1.5B-Instruct,0.927536231884058,False,0.8571428571428571,False
5,resid,False,0.007008985494486074,-1.0955790637442628,0.010911796212067872,0.008711321572625727,-0.3941888772314793,0.7619047619047619,0.00723321063549041,0.0005688266563459222,-0.1419151494929286,0.5238095238095238,0.007108062097602089,0.000698139722714744,Qwen/Qwen2.5-1.5B-Instruct,0.927536231884058,False,0.8571428571428571,False
6,mlp,False,0.008157390352411649,-2.5119475134744507,0.008448115247252393,0.00907083136185126,1.6474140608026635,0.047619047619047616,0.007183193387558245,0.000591349186602638,2.1290343618035634,0.047619047619047616,0.007125162209492708,0.0004848339516909029,Qwen/Qwen2.5-1.5B-Instruct,0.927536231884058,False,0.8571428571428571,False
6,attn,False,0.006793962447675031,-1.5271756504612608,0.008963832489424776,0.008230154515452538,-1.0162108623718016,0.8571428571428571,0.007161636312932029,0.00036180863526577496,-1.0536369654483133,0.8095238095238095,0.007176206529738648,0.00036278537541721036,Qwen/Qwen2.5-1.5B-Instruct,0.9876543209876543,False,0.9714285714285714,False
6,resid,False,0.007728226130568979,-3.1259565620138976,0.009056198309760186,0.008494242321744528,0.9795406882971087,0.23809523809523808,0.007186486197003484,0.0005530550594149262,0.7764632557050319,0.23809523809523808,0.007276748053774033,0.0005814545292101445,Qwen/Qwen2.5-1.5B-Instruct,0.927536231884058,False,0.8571428571428571,False
7,mlp,True,0.007208677907616113,-2.086889816602333,0.007828739306781993,0.007825291443585623,0.536953559196583,0.38095238095238093,0.006964994937972584,0.00045382503844120084,0.09083673842188841,0.42857142857142855,0.007172908304577438,0.0003937790332425133,Qwen/Qwen2.5-1.5B-Instruct,0.927536231884058,False,0.8571428571428571,False
7,attn,True,0.007882985872134122,-2.155542874815694,0.007921368036799652,0.008093798967683625,1.950590386364611,0.047619047619047616,0.007004757377518439,0.00045023727213814023,1.9158246313376128,0.09523809523809523,0.0069537667608866914,0.00048502305276170175,Qwen/Qwen2.5-1.5B-Instruct,0.927536231884058,False,0.8571428571428571,False
7,resid,True,0.007053088846036897,-0.8771135108976341,0.008354025254237528,0.007792536179183786,-0.3044604476986603,0.6666666666666666,0.007179257069741912,0.00041439938967011803,0.16373446988410892,0.38095238095238093,0.006965580024974029,0.0005344557021182317,Qwen/Qwen2.5-1.5B-Instruct,0.927536231884058,False,0.8571428571428571,False
8,mlp,False,0.006451871755864968,-1.9832671806621367,0.007284117118859196,0.006920295466578502,-0.7290128066978991,0.7142857142857143,0.006842809441543157,0.0005362562661264636,-1.1253142035540458,0.8571428571428571,0.007059575568324856,0.0005400303404512226,Qwen/Qwen2.5-1.5B-Instruct,0.927536231884058,False,0.9863013698630136,False
8,attn,False,0.007657289524879583,-2.5784314114577165,0.007169200637334104,0.008486801488165512,2.157872620599059,0.09523809523809523,0.006736197296907121,0.00042685199264299147,1.1082844609275029,0.19047619047619047,0.007057977038873907,0.0005407569149748093,Qwen/Qwen2.5-1.5B-Instruct,0.927536231884058,False,0.8571428571428571,False
8,resid,False,0.006773939916954495,-1.380362920566991,0.00918170052599085,0.008207651259956343,-0.521071906505213,0.7619047619047619,0.0072067962133502625,0.0008307035765925282,-0.3035462955748146,0.6190476190476191,0.006956884005495795,0.0006026892477632302,Qwen/Qwen2.5-1.5B-Instruct,0.927536231884058,False,0.8666666666666667,False
9,mlp,False,0.0063197384681459344,-0.5618195478283554,0.010396490860215565,0.008204945631087071,-0.5263986823352266,0.7619047619047619,0.006641786793358371,0.0006117954622981881,-0.6786604197795129,0.7142857142857143,0.006690845610498557,0.0005468230230270244,Qwen/Qwen2.5-1.5B-Instruct,0.927536231884058,False,0.9090909090909091,False
9,attn,False,0.00655942417006351,0.1157303243933779,0.007642297090720186,0.006420016334937979,-0.24878173563365022,0.7142857142857143,0.006681825099415346,0.0004920012678586715,-0.8044977624384815,0.8571428571428571,0.006928823417702805,0.00045916752648214224,Qwen/Qwen2.5-1.5B-Instruct,0.927536231884058,False,0.9863013698630136,False
9,resid,False,0.007174418118510066,-1.8913250143872646,0.00947509174431179,0.009273327071885693,1.0445789935105032,0.14285714285714285,0.006727637274828574,0.0004277137932670857,0.42584631863920536,0.42857142857142855,0.006928088603402589,0.0005784469756475157,Qwen/Qwen2.5-1.5B-Instruct,0.927536231884058,False,0.8571428571428571,False
10,mlp,False,0.006448654434179472,-0.4232079687481553,0.007991644859654588,0.0068643154690774975,-0.3161462701185327,0.7619047619047619,0.006604532875691895,0.0004930579805796203,-0.4272008259737208,0.5714285714285714,0.006642786156243072,0.00045442730973451357,Qwen/Qwen2.5-1.5B-Instruct,0.927536231884058,False,0.8571428571428571,False
10,attn,False,0.0069767629147551614,-2.3887305775655636,0.007551031047433307,0.007498266097056939,0.35088363157389374,0.23809523809523808,0.006795382511526986,0.0005169246636401683,0.5185850714260934,0.2857142857142857,0.0067520429387892085,0.00043333290591643863,Qwen/Qwen2.5-1.5B-Instruct,0.927536231884058,False,0.8571428571428571,False
10,resid,False,0.008027951931090247,-0.2712347550172097,0.007338209147146349,0.008441207655261894,2.5294937167294655,0.047619047619047616,0.006832815766692156,0.0004724803847085077,1.7840707829810591,0.09523809523809523,0.006929265016046996,0.0006158314600093507,Qwen/Qwen2.5-1.5B-Instruct,0.927536231884058,False,0.8571428571428571,False
11,mlp,False,0.005721040962094728,-0.12083018415011877,0.006423490976311728,0.006996232113945158,-1.1453038983448929,0.9523809523809523,0.006371567837565173,0.0005679949892867195,-1.5302687485016067,0.9523809523809523,0.006373890275286567,0.00042662395989664546,Qwen/Qwen2.5-1.5B-Instruct,0.9876543209876543,False,0.9876543209876543,False
11,attn,False,0.006263698414163033,-1.178286860739461,0.006824964482846919,0.0062924803157964814,-0.24310584052784,0.5238095238095238,0.006371337638098856,0.00044276691873018534,-0.20943358017218894,0.5714285714285714,0.00635673681860538,0.00044423823708621146,Qwen/Qwen2.5-1.5B-Instruct,0.927536231884058,False,0.8571428571428571,False
11,resid,False,0.006837670336171501,0.6065019821076277,0.0065010014519141235,0.00778658969370997,0.19484766645951757,0.3333333333333333,0.006731398359547514,0.0005454105689588372,0.37848060090777075,0.3333333333333333,0.006611146466983335,0.0005985085329204654,Qwen/Qwen2.5-1.5B-Instruct,0.927536231884058,False,0.8571428571428571,False
12,mlp,False,0.007066522174746131,-0.20225507313557287,0.007840087524491316,0.006989205360351525,1.9400153925384316,0.09523809523809523,0.006249814346268689,0.00042098007655950233,1.337024941025637,0.14285714285714285,0.006336671561376779,0.0005458765883675149,Qwen/Qwen2.5-1.5B-Instruct,0.927536231884058,False,0.8571428571428571,False
12,attn,False,0.006347493866067501,-0.2478817648199655,0.006817042275518837,0.007123733261419052,0.32792013888138466,0.3333333333333333,0.006241948003774577,0.00032186453278827763,0.49494334101626225,0.3333333333333333,0.0061697203522343095,0.0003591795244040877,Qwen/Qwen2.5-1.5B-Instruct,0.927536231884058,False,0.8571428571428571,False
12,resid,False,0.006137481354989626,-1.0295921481767945,0.006935200361440281,0.008153496595107869,-0.8934444894565671,0.7619047619047619,0.006533837754221635,0.0004436273365713967,-0.5238118824134639,0.7619047619047619,0.006401861717277561,0.0005047238735207798,Qwen/Qwen2.5-1.5B-Instruct,0.927536231884058,False,0.9411764705882353,False
13,mlp,False,0.006456145484680118,-2.1612792375495635,0.007041196853780105,0.007125096956630849,0.028526812997297042,0.47619047619047616,0.006444759414784567,0.00039913571476174063,0.5888238640613762,0.2857142857142857,0.006228074771178234,0.00038733265993803336,Qwen/Qwen2.5-1.5B-Instruct,0.927536231884058,False,0.8571428571428571,False
13,attn,False,0.006023339815122008,-2.2006195395696886,0.006613612447717949,0.007530057711760466,-0.5468279660098893,0.7142857142857143,0.006246334670285133,0.0004077970934630146,-0.327380712145954,0.6190476190476191,0.00618754435810729,0.0005015706084482941,Qwen/Qwen2.5-1.5B-Instruct,0.927536231884058,False,0.8666666666666667,False
13,resid,False,0.005736254428098456,-1.6239939805975796,0.007395509303162353,0.006542345089187681,-1.0818225358440696,0.9047619047619048,0.006235742304006494,0.00046170962367531347,-1.3165951188906584,0.9047619047619048,0.006477184337138129,0.0005627621570281746,Qwen/Qwen2.5-1.5B-Instruct,0.9876543209876543,False,0.987012987012987,False
14,mlp,False,0.005604832504688659,-1.5748461415640636,0.00648548464767995,0.006785274983773728,-1.3375045109501285,0.9523809523809523,0.006265538764743822,0.000493984322778706,-1.6717321845594928,0.9523809523809523,0.0063848288683156385,0.00046657973737133717,Qwen/Qwen2.5-1.5B-Instruct,0.9876543209876543,False,0.9876543209876543,False
14,attn,False,0.006548931413645343,-0.7738306580808031,0.006574681295077979,0.00714448050630118,0.6475432875324093,0.42857142857142855,0.00621720743813498,0.0005122807724167164,0.4219067859397598,0.38095238095238093,0.006329659730619141,0.0005197159427947893,Qwen/Qwen2.5-1.5B-Instruct,0.927536231884058,False,0.8571428571428571,False
14,resid,False,0.005615238995120261,-1.0443784630515152,0.007362380049318831,0.007149563896595985,-1.4181004694867783,1.0,0.006206566195892901,0.00041698540653233534,-1.4315554164229018,1.0,0.006531790956625832,0.0006402490263323544,Qwen/Qwen2.5-1.5B-Instruct,1.0,False,1.0,False
15,mlp,True,0.005929314342218425,-0.26968877946125513,0.006515640393146362,0.00670990184302239,-0.2004398452897191,0.6190476190476191,0.006012867537293637,0.00041684922952541187,-0.2981151273699535,0.6190476190476191,0.006062895479162502,0.0004480857382936682,Qwen/Qwen2.5-1.5B-Instruct,0.927536231884058,False,0.8666666666666667,False
15,attn,True,0.006189674134206571,-0.7710393041816689,0.006345456098448372,0.0058417050007645846,0.1808703683340567,0.47619047619047616,0.006126743631595566,0.0003479315223971687,-0.0852176392902044,0.47619047619047616,0.006230170726999339,0.0004752137366168874,Qwen/Qwen2.5-1.5B-Instruct,0.927536231884058,False,0.8571428571428571,False
15,resid,True,0.00630148532173679,-0.2861082421815292,0.007154083460378578,0.007117568896148686,0.5661587659323006,0.38095238095238093,0.006087720868082401,0.0003775698028844976,-0.31236049243771646,0.7142857142857143,0.00645611602840467,0.0004950392588419696,Qwen/Qwen2.5-1.5B-Instruct,0.927536231884058,False,0.9090909090909091,False
16,mlp,False,0.006635548648330262,-2.713830642437878,0.00678691286171783,0.005582567428147597,1.3689077552260411,0.14285714285714285,0.005892462285056518,0.0005428315826518506,2.457302356066035,0.047619047619047616,0.005878842148261098,0.0003079419584656225,Qwen/Qwen2.5-1.5B-Instruct,0.927536231884058,False,0.8571428571428571,False
16,attn,False,0.006005120393585622,-0.13998733509174394,0.006237115218738581,0.005706431325892924,0.07123056231736766,0.47619047619047616,0.005980455709155379,0.00034626547408609265,0.04016896217260805,0.42857142857142855,0.005992026604645397,0.0003259678177384749,Qwen/Qwen2.5-1.5B-Instruct,0.927536231884058,False,0.8571428571428571,False
16,resid,False,0.00667499047747503,-2.027497651325773,0.006448730504998208,0.00598848388689572,1.3992816373346597,0.23809523809523808,0.005997658555465756,0.0004840568931494375,1.3692402407313544,0.09523809523809523,0.006220654844554481,0.00033181586357546256,Qwen/Qwen2.5-1.5B-Instruct,0.927536231884058,False,0.8571428571428571,False
17,mlp,False,0.005111667019776097,-0.7866267996953539,0.0062136325583542745,0.006236538699296011,-1.7854445806651813,0.9523809523809523,0.005919386283183269,0.0004523911143219298,-1.245947683258694,0.9047619047619048,0.005623892534412896,0.0004111131803681412,Qwen/Qwen2.5-1.5B-Instruct,0.9876543209876543,False,0.987012987012987,False
17,attn,False,0.005946856087735706,-1.8946868744963856,0.00657391791746603,0.005682820673773599,0.38304507935731263,0.42857142857142855,0.005797464677104939,0.0003900099979914148,0.6383586758307155,0.3333333333333333,0.005687927667527905,0.00040561588650902213,Qwen/Qwen2.5-1.5B-Instruct,0.927536231884058,False,0.8571428571428571,False
17,resid,False,0.005587313263345657,-1.493401080515606,0.006381944252435125,0.006593301101176724,-0.5642409633305866,0.7619047619047619,0.005753474230333991,0.0002944858274867598,-0.4668244300477678,0.6666666666666666,0.0058323946131078035,0.0005249968381840442,Qwen/Qwen2.5-1.5B-Instruct,0.927536231884058,False,0.875,False
18,mlp,False,0.0058166875240626865,-1.2506200105268714,0.00688723965947083,0.006481113356521889,-0.032459293840527405,0.42857142857142855,0.005829462435099962,0.0003935671274932358,0.20191910561830873,0.47619047619047616,0.005735019510611205,0.0004044590688998978,Qwen/Qwen2.5-1.5B-Instruct,0.927536231884058,False,0.8571428571428571,False
18,attn,False,0.0052776705832766335,-1.2945555971636111,0.006712617349621832,0.005909599608401957,-1.436768116628181,0.9047619047619048,0.005855520894199491,0.00040218759327633266,-1.774532911323371,0.9523809523809523,0.005755960295989128,0.0002695299194850135,Qwen/Qwen2.5-1.5B-Instruct,0.9876543209876543,False,0.9876543209876543,False
18,resid,False,0.005081946186935765,-1.4392479555842699,0.006945764217912333,0.006392297478772544,-1.397165704678659,0.9523809523809523,0.0057017301469906665,0.00044360089714444336,-2.212630021746236,0.9523809523809523,0.005810222910081247,0.0003291452777860785,Qwen/Qwen2.5-1.5B-Instruct,0.9876543209876543,False,0.9876543209876543,False
19,mlp,False,0.00605211802240872,-1.513899039602907,0.006505743250848952,0.006453021155445254,1.1967716382574227,0.14285714285714285,0.005654745055751223,0.00033203741963345486,1.9048596582445498,0.047619047619047616,0.005437507940178991,0.0003226537343943393,Qwen/Qwen2.5-1.5B-Instruct,0.927536231884058,False,0.8571428571428571,False
19,attn,False,0.005434892956181803,-0.1502556101405576,0.006022462238223132,0.005385697967077367,-0.27828718725888135,0.7619047619047619,0.005562245487857174,0.00045762987843525567,-0.008973365687144366,0.5238095238095238,0.005438823666086449,0.0004380418721012195,Qwen/Qwen2.5-1.5B-Instruct,0.927536231884058,False,0.8571428571428571,False
19,resid,False,0.005906912407635289,-1.6847814396410865,0.0060064200251149745,0.006101278054412329,0.5795213412752123,0.3333333333333333,0.005711589009508456,0.00033704263193661113,0.9388771969868429,0.23809523809523808,0.005573118458143095,0.00035552461020828426,Qwen/Qwen2.5-1.5B-Instruct,0.927536231884058,False,0.8571428571428571,False
20,mlp,False,0.006035728136143797,-2.222116539666728,0.005581649012088481,0.004989192441320739,2.2230549558520445,0.047619047619047616,0.005180155964738872,0.00038486325727247035,1.9765280074783291,0.09523809523809523,0.005421180327612956,0.00031092289418903124,Qwen/Qwen2.5-1.5B-Instruct,0.927536231884058,False,0.8571428571428571,False
20,attn,False,0.005529054361978836,-1.0991804248963788,0.006034151127827496,0.004974303307613622,-0.22898740674582982,0.6190476190476191,0.0056115834853411786,0.0003604090047360016,0.3875421258725137,0.3333333333333333,0.005375117705438979,0.00039721270608526277,Qwen/Qwen2.5-1.5B-Instruct,0.927536231884058,False,0.8571428571428571,False
20,resid,False,0.005492956134296038,-0.42045681781340644,0.00515042930495294,0.005381340919978725,-0.09654223494831266,0.47619047619047616,0.005532203565553701,0.00040653120656131326,0.08252063388763362,0.5714285714285714,0.005464481316693671,0.0003450630013475287,Qwen/Qwen2.5-1.5B-Instruct,0.927536231884058,False,0.8571428571428571,False
21,mlp,True,0.004891206422315941,-2.1018386883806666,0.005234216883457432,0.005451314775148788,-1.2857067409836886,0.9523809523809523,0.00533855309672727,0.000347938344065199,-1.2122619617612354,0.9047619047619048,0.005343696688432033,0.0003732611270411314,Qwen/Qwen2.5-1.5B-Instruct,0.9876543209876543,False,0.987012987012987,False
21,attn,True,0.005160828291717655,-0.27671120121012527,0.005368138883227827,0.005372825785172256,-0.19832861867160226,0.5238095238095238,0.005247188059818735,0.0004354377531569274,-0.5664352784117034,0.7619047619047619,0.005318893860551062,0.0002790531855230232,Qwen/Qwen2.5-1.5B-Instruct,0.927536231884058,False,0.9411764705882353,False
21,resid,True,0.005779475237056266,-0.858943826933665,0.00582291113414947,0.005228555434098321,1.2670291807803287,0.19047619047619047,0.005227629918841813,0.00043554270618659864,0.9659887718226541,0.23809523809523808,0.005411121296385049,0.00038132321142428697,Qwen/Qwen2.5-1.5B-Instruct,0.927536231884058,False,0.8571428571428571,False
22,mlp,False,0.005384728306580018,-2.014994089753099,0.004542782854576801,0.004732448747569873,1.237973992790509,0.14285714285714285,0.004960449462288944,0.00034272032107452485,1.4885403643427706,0.09523809523809523,0.00494123052891029,0.00029794138492545623,Qwen/Qwen2.5-1.5B-Instruct,0.927536231884058,False,0.8571428571428571,False
22,attn,False,0.005107506590679866,-1.306598038022174,0.004686410531752352,0.005478301714135385,0.31400524497218457,0.3333333333333333,0.005024507576167048,0.00026432365650506793,0.3635742953827619,0.38095238095238093,0.004967210983397211,0.0003858787847885543,Qwen/Qwen2.5-1.5B-Instruct,0.927536231884058,False,0.8571428571428571,False
22,resid,False,0.00507117783336057,-1.2369091378096406,0.005394828480372858,0.005279236330028432,0.11514598024859526,0.5238095238095238,0.005028162477744496,0.00037357236026134833,-0.025239041412561593,0.42857142857142855,0.005080371691770663,0.00036427129936545587,Qwen/Qwen2.5-1.5B-Instruct,0.927536231884058,False,0.8571428571428571,False
23,mlp,False,0.004853579178846472,-0.642690634481392,0.005079983485423623,0.004722256880179862,0.004124354027366159,0.5714285714285714,0.00485199341386801,0.0003844880841799269,0.3609018259779626,0.5238095238095238,0.004708486069090955,0.0004020293035712616,Qwen/Qwen2.5-1.5B-Instruct,0.927536231884058,False,0.8571428571428571,False
23,attn,False,0.005091683710683813,-1.415638981535867,0.004997519511968197,0.004404333747477659,0.7145411124759684,0.2857142857142857,0.004855083743675514,0.0003311215588259885,0.6388386485398359,0.3333333333333333,0.004932926665736125,0.0002485088297499712,Qwen/Qwen2.5-1.5B-Instruct,0.927536231884058,False,0.8571428571428571,False
23,resid,False,0.004676645956691232,-0.8451301755324473,0.004742016879379559,0.005595237384933211,-0.23570903429908355,0.5714285714285714,0.004745044258689003,0.00029018107940225173,-0.4160214269682215,0.6190476190476191,0.004837208402265902,0.00038594753819479205,Qwen/Qwen2.5-1.5B-Instruct,0.927536231884058,False,0.8666666666666667,False
24,mlp,False,0.004435556307135017,-0.9900930322695206,0.00428879182009755,0.00381131951750113,0.07250792640759837,0.5238095238095238,0.004407444428863753,0.000387707657135796,0.30406046340257464,0.38095238095238093,0.004334077022570325,0.0003337470561910373,Qwen/Qwen2.5-1.5B-Instruct,0.927536231884058,False,0.8571428571428571,False
24,attn,False,0.0043336557948854704,-0.07645747621372878,0.00450942698342375,0.004013643531586653,-0.26948962453062647,0.6190476190476191,0.004419579478499762,0.00031883855923561506,0.16689931932469765,0.5714285714285714,0.0042886839806984475,0.0002694547489407766,Qwen/Qwen2.5-1.5B-Instruct,0.927536231884058,False,0.8571428571428571,False
24,resid,False,0.004697517645521827,-1.1152108142109292,0.0050202204354884376,0.0052593875434984545,0.2729770179550621,0.38095238095238093,0.004616347728805915,0.0002973507342265515,0.5256394112241348,0.3333333333333333,0.004550239118589696,0.0002801892776440433,Qwen/Qwen2.5-1.5B-Instruct,0.927536231884058,False,0.8571428571428571,False
25,mlp,False,0.004017160641000879,-0.8052605781139893,0.004349373948142888,0.003471945336571151,-0.52443881317547,0.7619047619047619,0.004149392133281923,0.00025213902739269837,0.10278105690662513,0.5714285714285714,0.003988315217843396,0.0002806492171382141,Qwen/Qwen2.5-1.5B-Instruct,0.927536231884058,False,0.8571428571428571,False
25,attn,False,0.003671198823129218,-1.057277058339262,0.00409573575066828,0.003818008345839065,-0.9458148620447111,0.8571428571428571,0.003988457492085677,0.00033543421835283144,-2.0872903983837494,1.0,0.004035652524086056,0.0001746061311061675,Qwen/Qwen2.5-1.5B-Instruct,0.9876543209876543,False,1.0,False
25,resid,False,0.00393385799467654,-0.9687795425277276,0.003972078172669764,0.004081602485467558,-1.4330189738749954,0.9047619047619048,0.0042309690179131755,0.0002073322326174261,-0.9057255621646425,0.8095238095238095,0.00422660244685752,0.00032321540255674636,Qwen/Qwen2.5-1.5B-Instruct,0.9876543209876543,False,0.9714285714285714,False
26,mlp,False,0.0033176867533349147,-0.5000504048676986,0.0035031317968049983,0.004170870413446517,-0.5755460107773371,0.6666666666666666,0.003481314223075076,0.000284299546302414,-0.2880775433985266,0.5238095238095238,0.0034093718362871,0.0003182652902081579,Qwen/Qwen2.5-1.5B-Instruct,0.927536231884058,False,0.8571428571428571,False
26,attn,False,0.003236255579167306,-1.4488570677154402,0.003827022423517785,0.003802913529485307,-1.2612855468903332,0.8571428571428571,0.003571751737305777,0.00026599540363054814,-0.5547914574527587,0.6666666666666666,0.00342492799674154,0.00034007808707166255,Qwen/Qwen2.5-1.5B-Instruct,0.9876543209876543,False,0.875,False
26,resid,False,0.0037495948775417213,-1.3199776617844585,0.004143485898567534,0.0037156488557821494,-0.04094827672151543,0.47619047619047616,0.0037574564715403143,0.0001919883967781796,0.2123888953862862,0.5238095238095238,0.0036658410367547837,0.00039434190113663356,Qwen/Qwen2.5-1.5B-Instruct,0.927536231884058,False,0.8571428571428571,False
27,mlp,True,0.0011153096259147173,-0.30573329412739625,0.0011749168890665726,0.0014640394710897806,0.483790948061431,0.38095238095238093,0.0008699766793333006,0.0005071052849675572,0.537278952853125,0.3333333333333333,0.0008358018325883629,0.0005202284434223184,Qwen/Qwen2.5-1.5B-Instruct,0.927536231884058,False,0.8571428571428571,False
27,attn,True,0.0004438448156456155,0.09320124004255914,0.0010979158212249334,0.0013555326451313125,-1.518464345018763,1.0,0.0008224732157357412,0.00024934954932079567,-1.8419508131837155,1.0,0.0008710562689669693,0.00023193423530291842,Qwen/Qwen2.5-1.5B-Instruct,1.0,False,1.0,False
27,resid,True,0.0011588913585366136,-0.17933031157132034,0.0018401879387946573,0.0012087588640363517,0.16141323052786943,0.6190476190476191,0.0010824248537011831,0.0004737313328366094,0.2726675524901999,0.5714285714285714,0.0010379202504510162,0.00044365787927753275,Qwen/Qwen2.5-1.5B-Instruct,0.927536231884058,False,0.8571428571428571,False
